{"ue": {"ttH": {"other": [1.0128738280144527, 0.9870862882448598], "ggH": [0.7918679801988892, 1.2087768228462659], "VBF": [1.3286928052106894, 0.6702888886107471]}, "ggH": {"other": [1.0038683753261946, 0.9962349866775094], "ggH": [0.9939699928977768, 1.0058688868478847], "VBF": [0.9716699394700022, 1.0275730885263759]}, "qqH": {"other": [1.0006873494526929, 0.9992411548912278], "ggH": [1.0007351815862882, 0.9991883474284753], "VBF": [0.9931348995709837, 1.0075791838654706]}}, "ps": {"ttH": {"other": [0.9705993761819371, 1.0212355380639944], "ggH": [1.3716400610673245, 0.7315711152342369], "VBF": [1.4212096203243103, 0.6957679204132333]}, "ggH": {"other": [0.995174337245731, 1.0048342841969429], "ggH": [1.0072111688623517, 0.9927759477924736], "VBF": [1.0532711939985726, 0.9466336326400421]}, "qqH": {"other": [0.9982946483088988, 1.0016604085815735], "ggH": [0.9905674949731218, 1.0091839192901326], "VBF": [1.0400083418291854, 0.9610460443705814]}}}